lang_id,code,name,percent,official
1,AFG,Dari,50,yes
2,AFG,Pashto,35,yes
3,AFG,Turkic,11,no
4,AFG,Other,4,no
5,ALB,Albanian,98.8,yes
6,ALB,Greek,0.5,no
7,ALB,Other,0.6,no
8,ALB,unspecified,0.1,no
9,DZA,Arabic,,yes
10,DZA,French,,no
11,DZA,Berber or Tamazight,,yes
12,DZA,Shawiya,,no
13,DZA,Mzab,,no
14,DZA,Tuareg,,no
15,ASM,Samoan,88.6,no
16,ASM,English,3.9,no
17,ASM,Tongan,2.7,no
18,ASM,Other,3,no
19,ASM,Other,1.8,no
20,AND,Catalan,,yes
21,AND,French,,no
22,AND,Castilian,,no
23,AND,Portuguese,,no
24,AGO,Portuguese,71.2,yes
25,AGO,Umbundu,23,no
26,AGO,Kikongo,8.2,no
27,AGO,Kimbundu,7.8,no
28,AGO,Chokwe,6.5,no
29,AGO,Nhaneca,3.4,no
30,AGO,Nganguela,3.1,no
31,AGO,Fiote,2.4,no
32,AGO,Kwanhama,2.3,no
33,AGO,Muhumbi,2.1,no
34,AGO,Luvale,1,no
35,AGO,Other,3.6,no
36,AIA,English,,yes
37,ATG,English,,yes
38,ATG,Antiguan creole,,no
39,ARG,Spanish,,yes
40,ARG,Italian,,no
41,ARG,English,,no
42,ARG,German,,no
43,ARG,French,,no
44,ARG,indigenous,,no
45,ARM,Armenian,97.9,yes
46,ARM,Kurdish,1,no
47,ARM,Other,1,no
48,ABW,Papiamento,69.4,yes
49,ABW,Spanish,13.7,no
50,ABW,English,7.1,no
51,ABW,Dutch,6.1,yes
52,ABW,Chinese,1.5,no
53,ABW,Other,1.7,no
54,ABW,unspecified,0.4,no
55,AUS,English,76.8,no
56,AUS,Mandarin,1.6,no
57,AUS,Italian,1.4,no
58,AUS,Arabic,1.3,no
59,AUS,Greek,1.2,no
60,AUS,Cantonese,1.2,no
61,AUS,Vietnamese,1.1,no
62,AUS,Other,10.4,no
63,AUS,unspecified,5,no
64,AUT,German,88.6,yes
65,AUT,Turkish,2.3,no
66,AUT,Serbian,2.2,no
67,AUT,Croatian,1.6,yes
68,AUT,Other,5.3,no
69,AZE,Azerbaijani,92.5,yes
70,AZE,Russian,1.4,no
71,AZE,Armenian,1.4,no
72,AZE,Other,4.7,no
73,BHS,English,,yes
74,BHS,Creole,,no
75,BHR,Arabic,,yes
76,BHR,English,,no
77,BHR,Farsi,,no
78,BHR,Urdu,,no
79,BGD,Bangla,98.8,yes
80,BGD,Other,1.2,no
81,BRB,English,,yes
82,BRB,Bajan,,no
83,BLR,Russian,70.2,yes
84,BLR,Belarusian,23.4,yes
85,BLR,Other,3.1,no
86,BLR,unspecified,3.3,no
87,BEL,Dutch,60,yes
88,BEL,French,40,yes
89,BEL,German,1,yes
90,BLZ,English,62.9,yes
91,BLZ,Spanish,56.6,no
92,BLZ,Creole,44.6,no
93,BLZ,Maya,10.5,no
94,BLZ,German,3.2,no
95,BLZ,Garifuna,2.9,no
96,BLZ,Other,1.8,no
97,BLZ,unknown,0.3,no
98,BLZ,none,0.2,no
99,BEN,French,,yes
100,BEN,Fon and Yoruba,,no
101,BEN,Tribal Languages,,no
102,BMU,English,,yes
103,BMU,Portuguese,,no
104,BTN,Sharchhopka,28,no
105,BTN,Dzongkha,24,yes
106,BTN,Lhotshamkha,22,no
107,BTN,Other,26,no
108,BOL,Spanish,60.7,yes
109,BOL,Quechua,21.2,yes
110,BOL,Aymara,14.6,yes
111,BOL,Foreign Languages,2.4,no
112,BOL,Guarani,0.6,yes
113,BOL,Other,0.4,no
114,BOL,none,0.1,no
115,BIH,Bosnian,52.9,yes
116,BIH,Serbian,30.8,yes
117,BIH,Croatian,14.6,yes
118,BIH,Other,1.6,no
119,BIH,No Answer,0.2,no
120,BWA,Setswana,77.3,no
121,BWA,Sekalanga,7.4,no
122,BWA,Shekgalagadi,3.4,no
123,BWA,English,2.8,yes
124,BWA,Zezuru,2,no
125,BWA,Sesarwa,1.7,no
126,BWA,Sembukushu,1.6,no
127,BWA,Ndebele,1,no
128,BWA,Other,2.8,no
129,BRA,Portuguese,,yes
130,BRN,Malay,,yes
131,BRN,English,,no
132,BRN,Chinese,,no
133,BGR,Bulgarian,76.8,yes
134,BGR,Turkish,8.2,no
135,BGR,Romani,3.8,no
136,BGR,Other,0.7,no
137,BGR,unspecified,10.5,no
138,BFA,French,,yes
139,BFA,Sudanic family,90,no
140,MMR,Burmese,,yes
141,BDI,Kirundi,38.8,yes
142,BDI,French,0.3,yes
143,BDI,Swahili,0.2,no
144,BDI,English,0.06,yes
145,BDI,Other,3.7,no
146,BDI,unspecified,56.9,no
147,KHM,Khmer,96.3,yes
148,KHM,Other,3.7,no
149,CMR,Other,,no
150,CMR,English,,yes
151,CMR,French,,yes
152,CAN,English,58.7,yes
153,CAN,French,22,yes
154,CAN,Punjabi,1.4,no
155,CAN,Italian,1.3,no
156,CAN,Spanish,1.3,no
157,CAN,German,1.3,no
158,CAN,Cantonese,1.2,no
159,CAN,Tagalog,1.2,no
160,CAN,Arabic,1.1,no
161,CAN,Other,10.5,no
162,CYM,English,90.9,yes
163,CYM,Spanish,4,no
164,CYM,Filipino,3.3,no
165,CYM,Other,1.7,no
166,CYM,unspecified,0.1,no
167,CAF,French,,yes
168,CAF,Sangho,,no
169,CAF,tribal,,no
170,TCD,French,,yes
171,TCD,Arabic,,yes
172,TCD,Sara,,no
173,TCD,Other,,no
174,CHL,Spanish,99.5,yes
175,CHL,English,10.2,no
176,CHL,indigenous,1,no
177,CHL,Other,2.3,no
178,CHL,unspecified,0.2,no
179,CHN,Mandarin,,yes
180,CHN,Yue,,no
181,CHN,Wu,,no
182,CHN,Minbei,,no
183,CHN,Minnan,,no
184,CHN,Xiang,,no
185,CHN,Gan,,no
186,CHN,Hakka,,no
187,CHN,Other,,no
188,CXR,English,,yes
189,CXR,Chinese,,no
190,CXR,Malay,,no
191,CCK,Malay,,no
192,CCK,English,,no
193,COL,Spanish,,yes
194,COM,Arabic,,yes
195,COM,French,,yes
196,COM,Shikomoro,,yes
197,COD,French,,yes
198,COD,Lingala,,no
199,COD,Kingwana,,no
200,COD,Kikongo,,no
201,COD,Tshiluba,,no
202,COG,French,,yes
203,COG,Lingala,,no
204,COG,Other,,no
205,COK,English,86.4,yes
206,COK,Rarotongan,76.2,yes
207,COK,Other,8.3,no
208,CRI,Spanish,,yes
209,CRI,English,,no
210,CIV,French,,yes
211,CIV,Other,,no
212,HRV,Croatian,95.6,yes
213,HRV,Serbian,1.2,no
214,HRV,Other,3,no
215,HRV,unspecified,0.2,no
216,CUB,Spanish,,yes
217,CYP,Greek,80.9,yes
218,CYP,Turkish,0.2,yes
219,CYP,English,4.1,no
220,CYP,Romanian,2.9,no
221,CYP,Russian,2.5,no
222,CYP,Bulgarian,2.2,no
223,CYP,Arabic,1.2,no
224,CYP,Filipino,1.1,no
225,CYP,Other,4.3,no
226,CYP,unspecified,0.6,no
227,DNK,Danish,,no
228,DNK,Faroese,,no
229,DNK,Greenlandic,,no
230,DNK,German,,no
231,DJI,French,,yes
232,DJI,Arabic,,yes
233,DJI,Somali,,no
234,DJI,Afar,,no
235,DMA,English,,yes
236,DMA,French patois,,no
237,DOM,Spanish,,yes
238,ECU,Spanish,93,yes
239,ECU,Quechua,4.1,no
240,ECU,Other,0.7,no
241,ECU,foreign,2.2,no
242,EGY,Arabic,,yes
243,EGY,English,,no
244,SLV,Spanish,,yes
245,SLV,Nawat,,no
246,GNQ,Spanish,67.6,yes
247,GNQ,Other,,yes
248,GNQ,Fang,,no
249,GNQ,Bubi,32.4,no
250,ERI,Tigrinya,,yes
251,ERI,Arabic,,yes
252,ERI,English,,yes
253,ERI,Tigre,,no
254,ERI,Kunama,,no
255,ERI,Afar,,no
256,ERI,Other,,no
257,EST,Estonian,68.5,yes
258,EST,Russian,29.6,no
259,EST,Ukrainian,0.6,no
260,EST,Other,1.2,no
261,EST,unspecified,0.1,no
262,ETH,Oromo,33.8,yes
263,ETH,Amharic,29.3,yes
264,ETH,Somali,6.2,yes
265,ETH,Tigrigna,5.9,yes
266,ETH,Sidamo,4,no
267,ETH,Wolaytta,2.2,no
268,ETH,Gurage,2,no
269,ETH,Afar,1.7,yes
270,ETH,Hadiyya,1.7,no
271,ETH,Gamo,1.5,no
272,ETH,Gedeo,1.3,no
273,ETH,Opuuo,1.2,no
274,ETH,Kafa,1.1,no
275,ETH,Other,8.1,no
276,ETH,English,,no
277,ETH,Arabic,,no
278,FRO,Faroese,93.8,no
279,FRO,Danish,3.2,no
280,FRO,Other,3,no
281,FIN,Finnish,88.3,yes
282,FIN,Swedish,5.3,yes
283,FIN,Russian,1.4,no
284,FIN,Other,5,no
285,FRA,French,100,yes
286,FRA,Provencal,,no
287,FRA,Breton,,no
288,FRA,Alsatian,,no
289,FRA,Corsican,,no
290,FRA,Catalan,,no
291,FRA,Basque,,no
292,FRA,Flemish,,no
293,FRA,Occitan,,no
294,FRA,Picard,,no
295,FRA,French,,no
296,FRA,Creole patois,,no
297,FRA,Mahorian,,no
298,PYF,French,70,yes
299,PYF,Polynesian,28.2,yes
300,PYF,Other,1.8,no
301,GAB,French,,yes
302,GAB,Fang,,no
303,GAB,Myene,,no
304,GAB,Nzebi,,no
305,GAB,Bapounou/Eschira,,no
306,GAB,Bandjabi,,no
307,GMB,English,,yes
308,GMB,Mandinka,,no
309,GMB,Wolof,,no
310,GMB,Fula,,no
311,GMB,Other,,no
312,GEO,Georgian,87.6,yes
313,GEO,Azeri,6.2,no
314,GEO,Armenian,3.9,no
315,GEO,Russian,1.2,no
316,GEO,Other,1,no
317,DEU,German,,yes
318,GHA,Asante,16,no
319,GHA,Ewe,14,no
320,GHA,Fante,11.6,no
321,GHA,Boron,4.9,no
322,GHA,Dagomba,4.4,no
323,GHA,Dangme,4.2,no
324,GHA,Dagarte,3.9,no
325,GHA,Kokomba,3.5,no
326,GHA,Akyem,3.2,no
327,GHA,Ga,3.1,no
328,GHA,Other,31.2,no
329,GIB,English,,yes
330,GIB,Spanish,,no
331,GIB,Italian,,no
332,GIB,Portuguese,,no
333,GRC,Greek,99,yes
334,GRC,Other,1,no
335,GRL,Greenlandic,,yes
336,GRL,Danish,,yes
337,GRL,English,,no
338,GRD,English,,yes
339,GRD,French patois,,no
340,GUM,English,43.6,no
341,GUM,Filipino,21.2,no
342,GUM,Chamorro,17.8,no
343,GUM,Other Pacific Islander,10,no
344,GUM,Asian,6.3,no
345,GUM,Other,1.1,no
346,GTM,Spanish,60,yes
347,GTM,Amerindian,40,no
348,GIN,French,,yes
349,GNB,Crioulo,,no
350,GNB,Portuguese,,yes
351,GNB,Pular,,no
352,GNB,Mandingo,,no
353,GUY,English,,yes
354,GUY,Guyanese Creole,,no
355,GUY,Amerindian,,no
356,GUY,Indian,,no
357,GUY,Chinese,,no
358,HTI,French,,yes
359,HTI,Creole,,yes
360,HND,Spanish,,yes
361,HND,Amerindian,,no
362,HKG,Cantonese,89.5,yes
363,HKG,English,3.5,yes
364,HKG,Mandarin,1.4,yes
365,HKG,Other Chinese,4,no
366,HKG,Other,1.6,no
367,HUN,Hungarian,99.6,yes
368,HUN,English,16,no
369,HUN,German,11.2,no
370,HUN,Russian,1.6,no
371,HUN,Romanian,1.3,no
372,HUN,French,1.2,no
373,HUN,Other,4.2,no
374,ISL,Icelandic,,no
375,ISL,English,,no
376,ISL,Nordic,,no
377,ISL,German,,no
378,IND,Hindi,41,no
379,IND,Bengali,8.1,no
380,IND,Telugu,7.2,no
381,IND,Marathi,7,no
382,IND,Tamil,5.9,no
383,IND,Urdu,5,no
384,IND,Gujarati,4.5,no
385,IND,Kannada,3.7,no
386,IND,Malayalam,3.2,no
387,IND,Oriya,3.2,no
388,IND,Punjabi,2.8,no
389,IND,Assamese,1.3,no
390,IND,Maithili,1.2,no
391,IND,Other,5.9,no
392,IDN,Bahasa,,yes
393,IDN,English,,no
394,IDN,Dutch,,no
395,IDN,Other,,no
396,IRN,Persian,,yes
397,IRN,Turkic,,no
398,IRN,Kurdish,,no
399,IRN,Gilaki and Mazandarani,,no
400,IRN,Luri,,no
401,IRN,Balochi,,no
402,IRN,Arabic,,no
403,IRN,Other,,no
404,IRQ,Arabic,,yes
405,IRQ,Kurdish,,yes
406,IRQ,Turkmen,,no
407,IRQ,Syriac,,yes
408,IRQ,Armenian,,yes
409,IRL,English,61.3,yes
410,IRL,Irish,38.7,yes
411,ISR,Hebrew,,yes
412,ISR,Arabic,,yes
413,ISR,English,,no
414,ITA,Italian,,yes
415,ITA,German,,no
416,ITA,French,,no
417,ITA,Slovene,,no
418,JAM,English,,no
419,JAM,English patois,,no
420,JPN,Japanese,,no
421,JOR,Arabic,,yes
422,JOR,English,,no
423,KAZ,Kazakh,74,yes
424,KAZ,Russian,94.4,yes
425,KEN,English,,yes
426,KEN,Kiswahili,,yes
427,KEN,Other,,no
428,KIR,Kiribati,,no
429,KIR,English,,yes
430,PRK,Korean,,no
431,KOR,Korean,,no
432,KOR,English,,no
433,KWT,Arabic,,yes
434,KWT,English,,no
435,KGZ,Kyrgyz,71.4,yes
436,KGZ,Uzbek,14.4,no
437,KGZ,Russian,9,yes
438,KGZ,Other,5.2,no
439,LAO,Lao,,yes
440,LAO,French,,no
441,LAO,English,,no
442,LAO,Other,,no
443,LVA,Latvian,56.3,yes
444,LVA,Russian,33.8,no
445,LVA,Other,0.6,no
446,LVA,unspecified,9.4,no
447,LBN,Arabic,,yes
448,LBN,French,,no
449,LBN,English,,no
450,LBN,Armenian,,no
451,LSO,Sesotho,,yes
452,LSO,English,,yes
453,LSO,Zulu,,no
454,LSO,Xhosa,,no
455,LBR,English,20,yes
456,LBR,Other,,no
457,LBY,Arabic,,yes
458,LBY,Italian,,no
459,LBY,English,,no
460,LBY,Berber,,no
461,LIE,German,94.5,yes
462,LIE,Italian,1.1,no
463,LIE,Other,4.3,no
464,LTU,Lithuanian,82,yes
465,LTU,Russian,8,no
466,LTU,Polish,5.6,no
467,LTU,Other,0.9,no
468,LTU,unspecified,3.5,no
469,LUX,Luxembourgish,88.8,yes
470,LUX,French,4.2,yes
471,LUX,Portuguese,2.3,no
472,LUX,German,1.1,yes
473,LUX,Other,3.5,no
474,MKD,Macedonian,66.5,yes
475,MKD,Albanian,25.1,no
476,MKD,Turkish,3.5,no
477,MKD,Romani,1.9,no
478,MKD,Serbian,1.2,no
479,MKD,Other,1.8,no
480,MDG,French,,yes
481,MDG,Malagasy,,yes
482,MDG,English,,no
483,MWI,English,,yes
484,MWI,Chichewa,,no
485,MWI,Chinyanja,,no
486,MWI,Chiyao,,no
487,MWI,Chitumbuka,,no
488,MWI,Chilomwe,,no
489,MWI,Chinkhonde,,no
490,MWI,Chingoni,,no
491,MWI,Chisena,,no
492,MWI,Chitonga,,no
493,MWI,Chinyakyusa,,no
494,MWI,Chilambya,,no
495,MYS,Bahasa Malaysia,,yes
496,MYS,English,,no
497,MYS,Chinese,,no
498,MYS,Tamil,,no
499,MYS,Telugu,,no
500,MYS,Malayalam,,no
501,MYS,Panjabi,,no
502,MYS,Thai,,no
503,MDV,Dhivehi,,yes
504,MDV,English,,yes
505,MLI,French,,yes
506,MLI,Bambara,46.3,no
507,MLI,Peul/Foulfoulbe,9.4,no
508,MLI,Dogon,7.2,no
509,MLI,Maraka/Soninke,6.4,no
510,MLI,Malinke,5.6,no
511,MLI,Sonrhai/Djerma,5.6,no
512,MLI,Minianka,4.3,no
513,MLI,Tamacheq,3.5,no
514,MLI,Senoufo,2.6,no
515,MLI,Bobo,2.1,no
516,MLI,unspecified,0.7,no
517,MLI,Other,6.3,no
518,MLT,Maltese,90.1,yes
519,MLT,English,6,yes
520,MLT,multilingual,3,no
521,MLT,Other,0.9,no
522,MHL,Marshallese,98.2,yes
523,MHL,Other,1.8,no
524,MRT,Arabic,,yes
525,MRT,Pular,,no
526,MRT,Soninke,,no
527,MRT,Wolof,,no
528,MRT,French,,no
529,MUS,Creole,86.5,no
530,MUS,Bhojpuri,5.3,no
531,MUS,French,4.1,no
532,MUS,Other,2.6,no
533,MUS,unspecified,0.1,no
534,MEX,Spanish,92.7,no
535,MEX,indigenous,0.8,no
536,MEX,unspecified,0.8,no
537,FSM,English,,yes
538,FSM,Chuukese,,no
539,FSM,Kosrean,,no
540,FSM,Pohnpeian,,no
541,FSM,Yapese,,no
542,FSM,Ulithian,,no
543,FSM,Woleaian,,no
544,FSM,Nukuoro,,no
545,FSM,Kapingamarangi,,no
546,MDA,Romanian,80.2,yes
547,MDA,Russian,9.7,no
548,MDA,Gagauz,4.2,no
549,MDA,Ukrainian,3.9,no
550,MDA,Bulgarian,1.5,no
551,MDA,Romani,0.3,no
552,MDA,Other,0.2,no
553,MCO,French,,yes
554,MCO,English,,no
555,MCO,Italian,,no
556,MCO,Monegasque,,no
557,MNG,Mongolian,90,yes
558,MNG,Turkic,,no
559,MNG,Russian,,no
560,MSR,English,,no
561,MAR,Arabic,,yes
562,MAR,Berber,,yes
563,MAR,Tachelhit,,no
564,MAR,Tarifit,,no
565,MAR,French,,no
566,MAR,government,,no
567,MAR,and,,no
568,MOZ,Emakhuwa,25.3,no
569,MOZ,Portuguese,10.7,yes
570,MOZ,Xichangana,10.3,no
571,MOZ,Cisena,7.5,no
572,MOZ,Elomwe,7,no
573,MOZ,Echuwabo,5.1,no
574,MOZ,Other,30.4,no
575,MOZ,unspecified,3.7,no
576,NAM,Oshivambo,48.9,no
577,NAM,Nama,11.3,no
578,NAM,Afrikaans,10.4,no
579,NAM,Otjiherero,8.6,no
580,NAM,Kavango,8.5,no
581,NAM,Caprivi,4.8,no
582,NAM,English,3.4,yes
583,NAM,Other,2.3,no
584,NAM,Other,1.7,no
585,NRU,Nauruan,93,yes
586,NRU,English,2,no
587,NRU,Other,5,no
588,NPL,Nepali,44.6,yes
589,NPL,Maithali,11.7,no
590,NPL,Bhojpuri,6,no
591,NPL,Tharu,5.8,no
592,NPL,Tamang,5.1,no
593,NPL,Newar,3.2,no
594,NPL,Magar,3,no
595,NPL,Bajjika,3,no
596,NPL,Urdu,2.6,no
597,NPL,Avadhi,1.9,no
598,NPL,Limbu,1.3,no
599,NPL,Gurung,1.2,no
600,NPL,Other,10.4,no
601,NPL,unspecified,0.2,no
602,NLD,Dutch,,yes
603,NCL,French,,yes
604,NCL,Other,,no
605,NZL,English,89.8,yes
606,NZL,Maori,3.5,yes
607,NZL,Samoan,2,no
608,NZL,Hindi,1.6,no
609,NZL,French,1.2,no
610,NZL,Northern Chinese,1.2,no
611,NZL,Yue,1,no
612,NZL,Other,20.5,no
613,NZL,New Zealand Sign,,yes
614,NIC,Spanish,95.3,yes
615,NIC,Miskito,2.2,no
616,NIC,Mestizo,2,no
617,NIC,Other,0.5,no
618,NER,French,,yes
619,NER,Hausa,,no
620,NER,Djerma,,no
621,NGA,English,,yes
622,NGA,Hausa,,no
623,NGA,Yoruba,,no
624,NGA,Igbo,,no
625,NGA,Fulani,,no
626,NGA,Other,,no
627,NIU,Niuean,46,yes
628,NIU,Niuean,32,no
629,NIU,English,11,yes
630,NIU,Niuean,5,no
631,NIU,Other,6,no
632,NFK,English,67.6,yes
633,NFK,Other,32.4,no
634,MNP,Philippine,32.8,no
635,MNP,Chamorro,24.1,yes
636,MNP,English,17,yes
637,MNP,Other Pacific Island,10.1,no
638,MNP,Chinese,6.8,no
639,MNP,Other Asian,7.3,no
640,MNP,Other,1.9,no
641,NOR,Bokmal,,yes
642,NOR,Nynorsk,,yes
643,NOR,Other,,no
644,OMN,Arabic,,yes
645,OMN,English,,no
646,OMN,Baluchi,,no
647,OMN,Urdu,,no
648,OMN,Indian,,no
649,PAK,Punjabi,48,no
650,PAK,Sindhi,12,no
651,PAK,Saraiki,10,no
652,PAK,Pashto,8,no
653,PAK,Urdu,8,yes
654,PAK,Balochi,3,no
655,PAK,Hindko,2,no
656,PAK,Brahui,1,no
657,PAK,English,,yes
658,PAK,Burushaski,,no
659,PAK,Other,,no
660,PLW,Palauan,65.2,yes
661,PLW,Other,1.9,no
662,PLW,English,19.1,yes
663,PLW,Filipino,9.9,no
664,PLW,Chinese,1.2,no
665,PLW,Other,2.8,no
666,PAN,Spanish,,yes
667,PAN,indigenous,,no
668,PAN,Panamanian English Creole,,no
669,PAN,English,,no
670,PAN,Chinese,,no
671,PAN,Arabic,,no
672,PAN,French,,no
673,PAN,Other,,no
674,PAN,Hebrew,,no
675,PAN,Korean,,no
676,PAN,Japanese,,no
677,PNG,Tok Pisin,,yes
678,PNG,English,,yes
679,PNG,Hiri,,yes
680,PNG,Other,,no
681,PRY,Spanish,,yes
682,PRY,Guarani,,yes
683,PER,Spanish,84.1,yes
684,PER,Quechua,13,yes
685,PER,Aymara,1.7,yes
686,PER,Ashaninka,0.3,no
687,PER,Other Native,0.7,no
688,PER,Other,0.2,no
689,PHL,Filipino,,yes
690,PHL,English,,yes
691,PHL,Other,,no
692,POL,Polish,98.2,yes
693,POL,Silesian,1.4,no
694,POL,Other,1.1,no
695,POL,unspecified,1.3,no
696,PRT,Portuguese,,yes
697,PRT,Mirandese,,yes
698,PRI,Spanish,,no
699,PRI,English,,no
700,QAT,Arabic,,yes
701,QAT,English,,no
702,ROM,Romanian,85.4,yes
703,ROM,Hungarian,6.3,no
704,ROM,Romani,1.2,no
705,ROM,Other,1,no
706,ROM,unspecified,6.1,no
707,RUS,Russian,85.7,yes
708,RUS,Tatar,3.2,no
709,RUS,Chechen,1,no
710,RUS,Other,10.1,no
711,RWA,Kinyarwanda,99.4,yes
712,RWA,French,0.1,yes
713,RWA,English,0.1,yes
714,RWA,Swahili,0.02,no
715,RWA,Other,0.03,no
716,RWA,unspecified,0.3,no
717,KNA,English,,yes
718,LCA,English,,yes
719,LCA,French patois,,no
720,SPM,French,,yes
721,VCT,English,,no
722,VCT,French patois,,no
723,WSM,Samoan,,yes
724,WSM,English,,no
725,SMR,Italian,,no
726,STP,Portuguese,98.4,yes
727,STP,Forro,36.2,no
728,STP,Cabo,8.5,no
729,STP,French,6.8,no
730,STP,Angolar,6.6,no
731,STP,English,4.9,no
732,STP,Lunguie,1,no
733,STP,Other,2.4,no
734,SAU,Arabic,,yes
735,SEN,French,,yes
736,SEN,Wolof,,no
737,SEN,Pular,,no
738,SEN,Jola,,no
739,SEN,Mandinka,,no
740,SEN,Serer,,no
741,SEN,Soninke,,no
742,SYC,Seychellois,89.1,yes
743,SYC,English,5.1,yes
744,SYC,French,0.7,yes
745,SYC,Other,3.8,no
746,SYC,unspecified,1.4,no
747,SLE,English,,yes
748,SLE,Mende,,no
749,SLE,Temne,,no
750,SLE,Krio,10,no
751,SGP,Mandarin,36.3,yes
752,SGP,English,29.8,yes
753,SGP,Malay,11.9,yes
754,SGP,Hokkien,8.1,no
755,SGP,Cantonese,4.1,no
756,SGP,Tamil,3.2,yes
757,SGP,Teochew,3.2,no
758,SGP,Other Indian,1.2,no
759,SGP,Other Chinese,1.1,no
760,SGP,Other,1.1,no
761,SVK,Slovak,78.6,yes
762,SVK,Hungarian,9.4,no
763,SVK,Roma,2.3,no
764,SVK,Ruthenian,1,no
765,SVK,Other,8.8,no
766,SVN,Slovenian,91.1,yes
767,SVN,Serbo,4.5,no
768,SVN,Other,4.4,no
769,SVN,Italian,,yes
770,SVN,Hungarian,,yes
771,SLB,Melanesian pidgin,,no
772,SLB,English,1,yes
773,SLB,indigenous,,no
774,SOM,Somali,,yes
775,SOM,Arabic,,yes
776,SOM,Italian,,no
777,SOM,English,,no
778,ZAF,IsiZulu,22.7,yes
779,ZAF,IsiXhosa,16,yes
780,ZAF,Afrikaans,13.5,yes
781,ZAF,English,9.6,yes
782,ZAF,Sepedi,9.1,yes
783,ZAF,Setswana,8,yes
784,ZAF,Sesotho,7.6,yes
785,ZAF,Xitsonga,4.5,yes
786,ZAF,siSwati,2.5,yes
787,ZAF,Tshivenda,2.4,yes
788,ZAF,isiNdebele,2.1,yes
789,ZAF,sign,0.5,no
790,ZAF,Other,1.6,no
791,ESP,Castilian Spanish,74,yes
792,ESP,Catalan,17,yes
793,ESP,Galician,7,yes
794,ESP,Basque,2,yes
795,ESP,Aranese,,yes
796,LKA,Sinhala,74,yes
797,LKA,Tamil,18,yes
798,LKA,Other,8,no
799,SDN,Arabic,,yes
800,SDN,English,,yes
801,SDN,Nubian,,no
802,SDN,Ta Bedawie,,no
803,SDN,Fur,,no
804,SUR,Dutch,,yes
805,SUR,English,,no
806,SUR,Sranang Tongo,,no
807,SUR,Caribbean Hindustani,,no
808,SUR,Javanese,,no
809,SWZ,English,,yes
810,SWZ,siSwati,,yes
811,SWE,Swedish,,yes
812,CHE,German,63,yes
813,CHE,French,22.7,yes
814,CHE,Italian,8.1,yes
815,CHE,English,4.9,no
816,CHE,Portuguese,3.7,no
817,CHE,Albanian,3,no
818,CHE,Serbo-Croatian,2.4,no
819,CHE,Spanish,2.2,no
820,CHE,Romansch,0.5,yes
821,CHE,Other,7.1,no
822,SYR,Arabic,,yes
823,SYR,Kurdish,,no
824,SYR,Armenian,,no
825,SYR,Aramaic,,no
826,SYR,Circassian,,no
827,SYR,French,,no
828,SYR,English,,no
829,TWN,Mandarin,,yes
830,TWN,Taiwanese,,no
831,TWN,Hakka,,no
832,TJK,Tajik,,yes
833,TJK,Russian,,no
834,TZA,Kiswahili,,yes
835,TZA,English,,yes
836,TZA,Arabic,,no
837,TZA,many,,no
838,THA,Thai,90.7,yes
839,THA,Burmese,1.3,no
840,THA,Other,8,no
841,TGO,French,,yes
842,TGO,Ewe,,no
843,TGO,Kabye,,no
844,TGO,Mina,,no
845,TGO,Dagomba,,no
846,TKL,Tokelauan,88.1,no
847,TKL,English,48.6,no
848,TKL,Samoan,26.7,no
849,TKL,Tuvaluan,11.2,no
850,TKL,Kiribati,1.5,no
851,TKL,Other,2.8,no
852,TKL,none,2.8,no
853,TKL,unspecified,0.8,no
854,TON,Tongan,,yes
855,TON,English,,yes
856,TON,Other,1.1,no
857,TON,unspecified,0.03,no
858,TTO,English,,yes
859,TTO,Caribbean Hindustani,,no
860,TTO,French,,no
861,TTO,Spanish,,no
862,TTO,Chinese,,no
863,TUN,Arabic,,yes
864,TUN,French,,no
865,TUN,Berber,,no
866,TUR,Turkish,,yes
867,TUR,Kurdish,,no
868,TUR,Other,,no
869,TKM,Turkmen,72,yes
870,TKM,Russian,12,no
871,TKM,Uzbek,9,no
872,TKM,Other,7,no
873,TCA,English,,yes
874,TUV,Tuvaluan,,yes
875,TUV,English,,yes
876,TUV,Samoan,,no
877,TUV,Kiribati,,no
878,UGA,English,,yes
879,UGA,Ganda,,no
880,UGA,Other,,no
881,UGA,Nilo,,no
882,UGA,Swahili,,no
883,UGA,Arabic,,no
884,UKR,Ukrainian,67.5,yes
885,UKR,Russian,29.6,no
886,UKR,Other,2.9,no
887,ARE,Arabic,,yes
888,ARE,Persian,,no
889,ARE,English,,no
890,ARE,Hindi,,no
891,ARE,Urdu,,no
892,GBR,English,,no
893,USA,English,79.2,no
894,USA,Spanish,12.9,no
895,USA,Other,8,no
896,URY,Spanish,,yes
897,URY,Portunol,,no
898,URY,Brazilero,,no
899,UZB,Uzbek,74.3,yes
900,UZB,Russian,14.2,no
901,UZB,Tajik,4.4,no
902,UZB,Other,7.1,no
903,VUT,Tribal Languages,63.2,no
904,VUT,Bislama,33.7,yes
905,VUT,English,2,yes
906,VUT,French,0.6,yes
907,VUT,Other,0.5,no
908,VEN,Spanish,,yes
909,VEN,indigenous,,no
910,VNM,Vietnamese,,yes
911,VNM,English,,no
912,VNM,Other,,no
913,WLF,Wallisian,58.9,no
914,WLF,Futunian,30.1,no
915,WLF,French,10.8,yes
916,WLF,Other,0.2,no
917,ESH,Standard,,no
918,ESH,Hassaniya,,no
919,ESH,Moroccan,,no
920,YEM,Arabic,,yes
921,ZMB,Bembe,33.4,no
922,ZMB,Nyanja,14.7,no
923,ZMB,Tonga,11.4,no
924,ZMB,Lozi,5.5,no
925,ZMB,Chewa,4.5,no
926,ZMB,Nsenga,2.9,no
927,ZMB,Tumbuka,2.5,no
928,ZMB,Lunda,1.9,no
929,ZMB,Kaonde,1.8,no
930,ZMB,Lala,1.8,no
931,ZMB,Lamba,1.8,no
932,ZMB,English,1.7,yes
933,ZMB,Luvale,1.5,no
934,ZMB,Mambwe,1.3,no
935,ZMB,Namwanga,1.2,no
936,ZMB,Lenje,1.1,no
937,ZMB,Bisa,1,no
938,ZMB,Other,9.7,no
939,ZMB,unspecified,0.2,no
940,ZWE,Shona,,yes
941,ZWE,Ndebele,,yes
942,ZWE,English,,yes
943,ZWE,Chewa,,yes
944,ZWE,Chibarwe,,yes
945,ZWE,Kalanga,,yes
946,ZWE,Koisan,,yes
947,ZWE,Nambya,,yes
948,ZWE,Ndau,,yes
949,ZWE,Shangani,,yes
950,ZWE,sign,,yes
951,ZWE,Sotho,,yes
952,ZWE,Tonga,,yes
953,ZWE,Tswana,,yes
954,ZWE,Venda,,yes
955,ZWE,Xhosa,,yes
